{"Date":{"0":1624752000000,"1":1624665600000,"2":1624579200000,"3":1624492800000,"4":1624406400000,"5":1624320000000,"6":1624233600000,"7":1624147200000,"8":1624060800000,"9":1623974400000,"10":1623888000000,"11":1623801600000,"12":1623715200000,"13":1623628800000,"14":1623542400000,"15":1623456000000,"16":1623369600000,"17":1623283200000,"18":1623196800000,"19":1623110400000,"20":1623024000000,"21":1622937600000,"22":1622851200000,"23":1622764800000,"24":1622678400000,"25":1622592000000,"26":1622505600000,"27":1622419200000,"28":1622332800000,"29":1622246400000},"Total_new_patients":{"0":48,"1":26,"2":72,"3":70,"4":18,"5":28,"6":38,"7":13,"8":72,"9":39,"10":60,"11":14,"12":99,"13":61,"14":23,"15":79,"16":7,"17":90,"18":76,"19":31,"20":24,"21":67,"22":60,"23":30,"24":60,"25":82,"26":79,"27":65,"28":89,"29":96},"Total_patients_died":{"0":4,"1":15,"2":6,"3":1,"4":14,"5":9,"6":6,"7":1,"8":11,"9":1,"10":3,"11":10,"12":11,"13":14,"14":7,"15":7,"16":13,"17":7,"18":8,"19":8,"20":12,"21":18,"22":17,"23":16,"24":19,"25":16,"26":5,"27":1,"28":18,"29":16},"Total_patients_cured":{"0":26,"1":22,"2":24,"3":17,"4":4,"5":26,"6":18,"7":0,"8":4,"9":22,"10":27,"11":21,"12":10,"13":19,"14":23,"15":25,"16":5,"17":22,"18":17,"19":8,"20":13,"21":27,"22":22,"23":16,"24":2,"25":13,"26":2,"27":2,"28":9,"29":10},"Number_of_ventilators_idle":{"0":6,"1":51,"2":47,"3":44,"4":41,"5":70,"6":74,"7":71,"8":75,"9":49,"10":56,"11":27,"12":64,"13":61,"14":15,"15":83,"16":39,"17":67,"18":74,"19":83,"20":96,"21":88,"22":12,"23":60,"24":76,"25":50,"26":87,"27":43,"28":26,"29":1},"Number_of_ICUs_available":{"0":48,"1":4,"2":5,"3":67,"4":94,"5":35,"6":46,"7":68,"8":84,"9":42,"10":80,"11":12,"12":72,"13":96,"14":72,"15":13,"16":80,"17":43,"18":66,"19":9,"20":46,"21":45,"22":42,"23":74,"24":70,"25":29,"26":56,"27":74,"28":26,"29":31},"Average_cost_without_ventilator":{"0":1293.7784449884,"1":1522.0903593904,"2":2103.4553295843,"3":2486.654516625,"4":6623.1595172534,"5":7702.5793735452,"6":8379.3618124963,"7":8938.1271218237,"8":10358.2285969563,"9":13707.6783715235,"10":14820.5143948517,"11":19871.4080526804,"12":20301.177617748,"13":20685.0363736294,"14":21548.793592689,"15":22462.6045040451,"16":22855.8272331994,"17":23677.0550940449,"18":23956.9894549779,"19":24094.9017998901,"20":25769.6048148164,"21":26474.5670412762,"22":26952.7438957004,"23":27320.8126368184,"24":27369.8517408893,"25":27927.5369996274,"26":31026.1404505437,"27":31236.5134443786,"28":31401.8183140915,"29":33431.7770337319},"Average_cost_with_ventilator":{"0":1112.6048511704,"1":2008.0017554669,"2":2029.1626280951,"3":2075.2187736133,"4":3692.1510446366,"5":6650.3932859474,"6":6942.7732065545,"7":11509.3670883945,"8":12054.5879580095,"9":13638.3986176071,"10":14868.6483256658,"11":14904.9549705264,"12":17564.0551171102,"13":18014.8403317366,"14":19461.3577100428,"15":20005.8567958524,"16":21080.3271743679,"17":23913.6601596744,"18":25109.7125653524,"19":25541.8962087449,"20":27544.5424655425,"21":27564.1871479857,"22":27737.8588024668,"23":30608.8645662169,"24":30858.8687034501,"25":31831.8383701817,"26":34938.5489477734,"27":37078.6451636356,"28":39846.4173718394,"29":40357.2134766133},"Average_cost_isolation":{"0":296.1568143846,"1":662.4071166213,"2":2090.8883209765,"3":2504.0196855688,"4":2893.9453101364,"5":4087.164820322,"6":4697.8473663367,"7":5071.9371450783,"8":6043.9726207438,"9":6824.2020460252,"10":7727.2113310695,"11":9124.7338276973,"12":9360.9205595957,"13":10154.9938112011,"14":10194.5197008267,"15":10934.2495589391,"16":12584.0111756561,"17":12590.5118987154,"18":13796.5266855711,"19":16085.1244377061,"20":17045.2851726935,"21":17272.1914176066,"22":18200.4822423944,"23":20341.1549544928,"24":20775.2868028474,"25":21504.2288257632,"26":21591.270344431,"27":22232.9976755884,"28":23628.3832991298,"29":23885.2938493489},"Total_oxygen_supply_tonnes":{"0":0.7036330211,"1":3.1136683588,"2":5.3034304743,"3":7.3176196702,"4":8.2083824674,"5":23.473169663,"6":23.6567772804,"7":27.026602107,"8":29.46635263,"9":36.4953779479,"10":37.1355184239,"11":38.4260882911,"12":47.5549461604,"13":49.4324953106,"14":50.5714486965,"15":50.7668249412,"16":52.3769749014,"17":57.3983557798,"18":59.4533457103,"19":59.7709944271,"20":64.6907477775,"21":71.486543816,"22":74.5310280043,"23":77.5163529243,"24":84.1331195982,"25":87.9476672642,"26":90.3734333355,"27":94.7248968451,"28":97.6117708074,"29":99.6847578174},"Total_bed_supply":{"0":92,"1":0,"2":69,"3":99,"4":43,"5":74,"6":23,"7":94,"8":73,"9":7,"10":3,"11":75,"12":48,"13":97,"14":33,"15":0,"16":10,"17":62,"18":5,"19":99,"20":14,"21":36,"22":2,"23":24,"24":25,"25":75,"26":39,"27":3,"28":49,"29":83},"Total_vaccination_doses_available":{"0":83,"1":17,"2":76,"3":72,"4":42,"5":81,"6":18,"7":48,"8":28,"9":56,"10":18,"11":90,"12":25,"13":96,"14":88,"15":32,"16":18,"17":10,"18":96,"19":6,"20":33,"21":27,"22":66,"23":0,"24":35,"25":62,"26":8,"27":85,"28":97,"29":90}}