{"Date":{"0":1624752000000,"1":1624665600000,"2":1624579200000,"3":1624492800000,"4":1624406400000,"5":1624320000000,"6":1624233600000,"7":1624147200000,"8":1624060800000,"9":1623974400000,"10":1623888000000,"11":1623801600000,"12":1623715200000,"13":1623628800000,"14":1623542400000,"15":1623456000000,"16":1623369600000,"17":1623283200000,"18":1623196800000,"19":1623110400000,"20":1623024000000,"21":1622937600000,"22":1622851200000,"23":1622764800000,"24":1622678400000,"25":1622592000000,"26":1622505600000,"27":1622419200000,"28":1622332800000,"29":1622246400000},"Total_new_patients":{"0":85,"1":5,"2":6,"3":85,"4":54,"5":46,"6":69,"7":5,"8":71,"9":46,"10":80,"11":78,"12":23,"13":58,"14":63,"15":97,"16":60,"17":54,"18":14,"19":73,"20":61,"21":89,"22":19,"23":74,"24":52,"25":81,"26":19,"27":59,"28":34,"29":88},"Total_patients_died":{"0":18,"1":19,"2":17,"3":2,"4":16,"5":7,"6":19,"7":0,"8":9,"9":4,"10":10,"11":8,"12":18,"13":18,"14":0,"15":13,"16":9,"17":19,"18":15,"19":8,"20":5,"21":7,"22":17,"23":16,"24":2,"25":3,"26":10,"27":10,"28":1,"29":10},"Total_patients_cured":{"0":2,"1":8,"2":14,"3":1,"4":14,"5":5,"6":1,"7":0,"8":9,"9":29,"10":0,"11":16,"12":10,"13":24,"14":20,"15":18,"16":0,"17":20,"18":26,"19":20,"20":3,"21":18,"22":21,"23":29,"24":2,"25":15,"26":12,"27":28,"28":23,"29":16},"Number_of_ventilators_idle":{"0":21,"1":29,"2":46,"3":77,"4":96,"5":50,"6":63,"7":35,"8":2,"9":27,"10":93,"11":77,"12":37,"13":66,"14":30,"15":86,"16":98,"17":0,"18":86,"19":26,"20":58,"21":97,"22":83,"23":84,"24":97,"25":98,"26":7,"27":26,"28":28,"29":95},"Number_of_ICUs_available":{"0":58,"1":6,"2":18,"3":54,"4":42,"5":22,"6":57,"7":11,"8":83,"9":94,"10":0,"11":33,"12":9,"13":20,"14":82,"15":43,"16":69,"17":71,"18":97,"19":16,"20":35,"21":62,"22":64,"23":23,"24":13,"25":61,"26":90,"27":36,"28":79,"29":32},"Average_cost_without_ventilator":{"0":725.5745645039,"1":2215.2736406406,"2":2544.9317804542,"3":3006.4962339627,"4":5008.9400691091,"5":6155.1479699738,"6":8624.5502715847,"7":9088.1097347025,"8":11302.1325423737,"9":11382.6568481767,"10":11638.3619300197,"11":13581.3089582878,"12":15073.7847314288,"13":15924.1797771511,"14":19159.976078436,"15":19413.636925638,"16":20599.5975007578,"17":20930.7027433062,"18":21082.261130998,"19":21329.8616477464,"20":21913.5212773258,"21":24102.6613073952,"22":24562.6653484986,"23":26756.1811556316,"24":26851.4254148699,"25":27489.4090906285,"26":29191.3384018156,"27":29487.3235263523,"28":31075.5514577048,"29":33886.9561214973},"Average_cost_with_ventilator":{"0":409.2518813146,"1":1470.1152209548,"2":2218.7938777738,"3":5735.0744872324,"4":6896.0864955739,"5":7277.7700169061,"6":8047.7189261377,"7":13917.6332887542,"8":15532.3183363814,"9":15733.9480497671,"10":17446.0340593738,"11":20639.1370264742,"12":21267.1423953858,"13":21405.3507237354,"14":21409.6020126136,"15":22355.2687949827,"16":24884.6074631573,"17":25119.9784761501,"18":27533.6935699011,"19":27569.8696253499,"20":27762.7906115917,"21":29551.6700663186,"22":29856.0625532807,"23":33301.3476196731,"24":35768.9679538782,"25":38246.1499689808,"26":41146.5291260353,"27":41214.3229263454,"28":42697.760417652,"29":43556.710768961},"Average_cost_isolation":{"0":223.5162475436,"1":381.515619281,"2":786.3764607104,"3":3360.2350068199,"4":3939.0149663824,"5":4095.8033289184,"6":7797.3012403171,"7":8689.8151524858,"8":8808.3910695815,"9":11038.0715013831,"10":11167.4992232912,"11":11254.5754490691,"12":11355.3258722765,"13":11433.4272609171,"14":12272.11632197,"15":13699.3484829648,"16":14661.3684885762,"17":14756.4371312412,"18":17157.0359266673,"19":17368.1173190772,"20":19509.483376822,"21":19924.347417862,"22":20520.5922880201,"23":21929.2369270753,"24":22408.3894363062,"25":22621.3240073781,"26":23017.7757828733,"27":23620.8658073638,"28":23646.4550748813,"29":23856.2560529198},"Total_oxygen_supply_tonnes":{"0":3.1482820813,"1":3.6839848273,"2":4.5651327694,"3":5.0623788304,"4":10.2730303845,"5":10.8380958389,"6":11.4858800887,"7":18.2333762771,"8":18.9325425043,"9":20.2977475726,"10":33.2881373143,"11":36.2291971211,"12":39.7263294842,"13":48.2298461165,"14":51.639175546,"15":55.7722743426,"16":57.1881486646,"17":59.4894461997,"18":64.8908165604,"19":70.6560518055,"20":76.5542670752,"21":81.3587667563,"22":82.7023995904,"23":85.2736940839,"24":85.6029833927,"25":86.368326942,"26":88.2694371224,"27":89.5419333507,"28":91.1149684457,"29":96.3906807788},"Total_bed_supply":{"0":37,"1":19,"2":56,"3":74,"4":9,"5":36,"6":20,"7":97,"8":61,"9":22,"10":14,"11":66,"12":16,"13":80,"14":97,"15":25,"16":25,"17":65,"18":80,"19":47,"20":29,"21":12,"22":6,"23":17,"24":7,"25":64,"26":35,"27":54,"28":31,"29":59},"Total_vaccination_doses_available":{"0":8,"1":89,"2":68,"3":49,"4":78,"5":48,"6":97,"7":99,"8":15,"9":73,"10":25,"11":87,"12":64,"13":31,"14":78,"15":7,"16":50,"17":7,"18":70,"19":87,"20":66,"21":4,"22":95,"23":27,"24":94,"25":70,"26":20,"27":91,"28":83,"29":71}}