{"Date":{"0":1624665600000,"1":1624579200000,"2":1624492800000,"3":1624406400000,"4":1624320000000,"5":1624233600000,"6":1624147200000,"7":1624060800000,"8":1623974400000,"9":1623888000000,"10":1623801600000,"11":1623715200000,"12":1623628800000,"13":1623542400000,"14":1623456000000,"15":1623369600000,"16":1623283200000,"17":1623196800000,"18":1623110400000,"19":1623024000000,"20":1622937600000,"21":1622851200000,"22":1622764800000,"23":1622678400000,"24":1622592000000,"25":1622505600000,"26":1622419200000,"27":1622332800000,"28":1622246400000,"29":1622160000000},"Total_new_patients":{"0":83,"1":91,"2":40,"3":84,"4":5,"5":81,"6":62,"7":18,"8":12,"9":53,"10":80,"11":26,"12":21,"13":23,"14":89,"15":27,"16":44,"17":29,"18":25,"19":79,"20":5,"21":32,"22":41,"23":48,"24":23,"25":28,"26":31,"27":70,"28":51,"29":51},"Total_patients_died":{"0":17,"1":4,"2":9,"3":2,"4":18,"5":3,"6":16,"7":16,"8":10,"9":8,"10":16,"11":7,"12":6,"13":14,"14":14,"15":6,"16":5,"17":16,"18":12,"19":18,"20":13,"21":2,"22":4,"23":18,"24":1,"25":6,"26":6,"27":19,"28":17,"29":15},"Total_patients_cured":{"0":19,"1":0,"2":4,"3":1,"4":9,"5":27,"6":14,"7":20,"8":7,"9":0,"10":21,"11":16,"12":9,"13":11,"14":15,"15":14,"16":22,"17":7,"18":7,"19":17,"20":6,"21":27,"22":16,"23":23,"24":24,"25":8,"26":26,"27":26,"28":11,"29":10},"Number_of_ventilators_idle":{"0":55,"1":71,"2":72,"3":87,"4":45,"5":35,"6":46,"7":81,"8":77,"9":33,"10":71,"11":67,"12":65,"13":23,"14":65,"15":0,"16":78,"17":88,"18":2,"19":84,"20":10,"21":30,"22":69,"23":49,"24":37,"25":25,"26":53,"27":89,"28":71,"29":87},"Number_of_ICUs_available":{"0":73,"1":18,"2":7,"3":51,"4":93,"5":45,"6":41,"7":16,"8":53,"9":84,"10":28,"11":21,"12":84,"13":82,"14":78,"15":23,"16":71,"17":10,"18":19,"19":11,"20":91,"21":17,"22":74,"23":38,"24":79,"25":67,"26":88,"27":2,"28":26,"29":35},"Average_cost_without_ventilator":{"0":108.1235402144,"1":602.8080981646,"2":610.2935779372,"3":1400.7551680708,"4":1571.4686269719,"5":4097.376124335,"6":5939.4101768262,"7":6492.1740803747,"8":6864.8056298152,"9":8789.1663386517,"10":10909.5724892621,"11":11418.8267438894,"12":13247.2342802851,"13":15166.5550201589,"14":20056.0394477503,"15":21678.1516448633,"16":22500.1266542205,"17":23814.6699866784,"18":23847.3125981912,"19":24081.6065074653,"20":24818.1895936909,"21":25271.1931370868,"22":26117.962948146,"23":27665.6057027468,"24":27697.8481474411,"25":27708.1301803724,"26":29328.7394967773,"27":31057.3018286289,"28":31867.6411092384,"29":32082.1761767711},"Average_cost_with_ventilator":{"0":561.2240469617,"1":1689.6364057275,"2":1904.9073753985,"3":1954.8496183983,"4":1963.9541756015,"5":5745.4766236204,"6":11257.3707764186,"7":12762.6154469704,"8":13686.9469035902,"9":14191.0440924959,"10":19999.5912796777,"11":21175.7571110248,"12":22769.6862259359,"13":24357.2338676803,"14":24762.2812822525,"15":29028.3625267138,"16":30861.8837727972,"17":32370.3381788091,"18":32861.9699087835,"19":33495.9312736968,"20":33687.8201827314,"21":34431.179892164,"22":34993.3627252828,"23":36701.7289176368,"24":38035.3421599374,"25":39886.662479856,"26":40012.855040308,"27":42475.8924270665,"28":43127.5268224128,"29":43633.774779509},"Average_cost_isolation":{"0":541.2242613628,"1":1024.3796137862,"2":1749.276664241,"3":1767.4691058762,"4":2018.4748300207,"5":2121.1130374606,"6":2738.4550120865,"7":3143.680294281,"8":3322.5858453466,"9":4287.2753539173,"10":9555.5162296612,"11":10287.8369981322,"12":11439.4265353482,"13":11495.7362226183,"14":11815.9698157901,"15":12239.3438608508,"16":12730.6297280069,"17":12792.3342450592,"18":14443.4645311911,"19":15370.1062090273,"20":17025.0353956176,"21":18290.3448344878,"22":19458.8112051805,"23":20692.6806255106,"24":20950.6558285786,"25":21107.6454057566,"26":22374.5776246111,"27":22968.6191107398,"28":22978.9437841471,"29":23626.8402291161},"Total_oxygen_supply_tonnes":{"0":3.6090595347,"1":10.9515968071,"2":13.97844958,"3":14.5983749491,"4":26.7062269951,"5":32.4422252234,"6":36.2249569914,"7":38.0352952877,"8":38.8103052235,"9":40.0245947174,"10":40.5510276511,"11":44.6654674924,"12":48.8759600207,"13":50.2711901892,"14":50.7164827056,"15":51.4857865692,"16":55.1810975574,"17":55.9308511589,"18":56.7708475365,"19":57.6324643613,"20":60.8737484105,"21":64.9530431996,"22":69.7137406198,"23":72.3791398515,"24":75.3299994542,"25":75.3500760556,"26":85.6073099536,"27":85.9000625681,"28":86.599497362,"29":98.4559261764},"Total_bed_supply":{"0":99,"1":89,"2":32,"3":16,"4":2,"5":0,"6":42,"7":87,"8":18,"9":12,"10":53,"11":5,"12":75,"13":18,"14":73,"15":90,"16":41,"17":66,"18":94,"19":47,"20":0,"21":8,"22":2,"23":69,"24":85,"25":54,"26":42,"27":48,"28":4,"29":89},"Total_vaccination_doses_available":{"0":54,"1":84,"2":61,"3":96,"4":9,"5":70,"6":88,"7":8,"8":44,"9":37,"10":82,"11":26,"12":38,"13":62,"14":63,"15":62,"16":0,"17":35,"18":38,"19":59,"20":19,"21":49,"22":50,"23":48,"24":52,"25":12,"26":65,"27":46,"28":21,"29":33}}